user_id,name
35,Allen Rodriguez
173,Vanessa Wall
178,Hannah Mckenzie
274,Raven Salinas
314,James Garcia
368,Brittney Murillo
439,Gary Wilson
588,Patricia Carter
589,Ethan Porter
725,Sherry Lynch
946,Brandon Fitzgerald
951,Julie Gardner
1088,James Arias
1136,Jonathan Lopez
1169,William Foster
1185,Megan Riley
1245,Thomas Hahn
1307,Karen Elliott
1350,Julie Cooper
1393,Lisa Allen
1440,Andrew Wang
1449,Sara Martin
1677,Robert Howard
1794,Mr. Jeff Martin
1952,Jessica Jarvis
2056,Russell Lamb
2066,Elizabeth Schwartz
2077,Jordan Stevens
2171,April Gibson
2271,Jared Lynch
2276,Robert Newton
2283,Katie Myers
2324,Anthony Zimmerman
2347,Brandon Stewart
2487,Amy Thompson
2619,Jenna Mitchell
2648,Angela Landry
2665,James Burnett
2721,Andrew Roberts
2722,Thomas Williams
2874,Ruben Rodriguez
2900,Natalie Frey
2959,Kelly Gomez
2998,Eileen Johnson
3005,Jerry Deleon
3022,Adam Williams
3050,John Blackburn
3087,Kerri Jacobson PhD
3114,Morgan Hutchinson
3122,Christopher Donovan
3241,Ross Wilkinson
3261,Donna Mitchell
3362,Justin Foster
3420,Kevin Nelson
3445,Danielle Vega
3465,Laurie Ortiz
3621,Heather Sandoval
3641,Danielle Schroeder
3662,Kevin Brooks PhD
3721,David Gibson
3739,Gavin Chavez
3827,Ann Evans
3918,Jerome Wilson
3922,Krystal Lopez
3982,Johnny Nelson
4044,Shelly Knapp
4096,Brandon Rodriguez
4107,Mrs. Michelle Schwartz
4147,Melissa Myers
4203,Dr. Diane Oneill
4212,Brianna Ramirez
4280,Joann Small
4289,Dana Calderon
4536,Theresa Mayer
4606,Jessica Bauer
4706,Brandi Williams
4715,Amy Castillo
4795,Laura Hensley
4816,Hannah Torres
4821,Rachel Moore
4891,Michael Carter
4900,Lance Moore
4901,David Benitez
4967,Donna Chen
4972,Christian Murray
5100,Kenneth Gonzales
5115,Miranda Thomas
5152,Sandra Smith PhD
5272,Brittany Wood
5345,Amy Walters
5357,Aaron Bailey
5379,Kendra Huynh
5435,Kyle Olson
5436,Terri Smith
5461,Matthew Larson
5568,Katherine Russell DDS
5580,Lauren Castillo
5616,Jordan Porter
5629,Mark Good
5645,Ryan Johns
5657,Gina Nelson
5759,Joseph Johnson
5812,James Ramos
5885,Kevin Brown
6016,Cynthia Lynch MD
6017,Keith Myers
6025,Chelsea Medina
6042,Tina Wallace
6063,Jessica Powell
6252,Tina Moore
6281,Melanie Carter
6294,Katherine Webb
6323,William Williams
6342,Ronald Clark
6360,Shannon Andrews
6397,Jorge Stewart
6486,Nina Henson
6596,Mrs. Marissa Ellison
6630,Christopher Frank
6634,Katherine Richards
6658,Michael Tapia
6660,Samantha Cantu
6683,Mark Reid
6689,Jennifer Holmes
6690,Jason Vargas
6698,Chris Benitez
6728,John White
6795,Mary Reynolds
6818,Raymond Simmons
6856,Breanna Morris
6867,Deborah French
6875,Kimberly Fisher
6929,Angela Gonzalez
6958,Jessica Blake
7001,Shane Eaton
7152,Nicholas Buchanan
7212,Jacob Hernandez
7225,Amy Villanueva
7331,David Castro
7406,Kim Woodard
7453,Anita Oconnor
7563,Brittany Williams
7610,Kathryn Hogan
7647,Maria Lawrence
7674,Christopher Stevens
7715,Michael Hernandez
7778,Angela Mosley
7801,Spencer Henry
7840,Rebecca Jones
7842,Amanda Oneal
7857,Michael Brewer
7868,Brenda Patton
7889,Adam Coffey
7970,Tina West
7973,Jason Stone
7979,Eugene Vaughan MD
7999,Stephanie Mills
8060,Robin Frey
8078,Corey Gomez
8090,Eric Powell
8096,Kevin Rodriguez
8167,Chad Ferguson
8178,Robin Thomas
8209,Richard Perez
8258,Joshua Clark
8286,Arthur Smith
8337,Eric Young
8340,Jean Jackson
8370,Wendy Ray
8371,Jessica Anderson
8388,Dorothy Davis
8422,Tracy White
8440,Mary Hudson
8454,David Cannon
8484,Mr. Mathew Dodson
8510,James Bird
8519,Zachary White
8526,Cindy Zhang
8565,Thomas Roberts
8579,Taylor Gibson
8612,Kenneth Warren
8641,Aaron Stanton
8669,Noah Cervantes
8710,Ann Nguyen
8749,Roberta Moore
8779,Martha Nelson
8831,Angela Castro
8833,Eric Daniels
8861,William Dixon
8909,Dustin Williams
8959,Brian Cooley
9011,Timothy Cunningham
9057,Troy Estrada
9102,Lisa Anthony
9125,Denise Smith
9145,Joseph Hall
9165,Heather Black
9195,Eric Nguyen
9214,Logan Myers
9244,Aaron Eaton
9246,Timothy Welch
9257,Kimberly Brown
9285,Charles Stevens
9309,Sergio Harper
9357,Robert Brown
9366,Sandra Young
9384,Patricia Horton
9440,Lori Lynch
9668,Crystal Rodriguez
9722,Mrs. Tanya Anthony
9731,Kevin Phillips
9751,Stacy Harper
9768,Seth Martinez
9771,Jesse Gill
9787,Isaiah Adkins
9797,Kyle Mcgee
9804,Catherine Ortiz
9805,Amy Rice
9806,Aaron Joyce
9809,Kelly Thomas
9830,Brian Collins
9843,Douglas Burns
9890,Christopher Stephens
9919,Rebecca Terry
9969,Courtney Kemp
10008,Jose Reeves
10087,Jesse Baker
10111,Ryan Allen
10120,Lori Ellis
10140,Jennifer Mcintyre
10146,Joshua Knight
10181,Cole Rodriguez
10246,David Brady
10249,Miguel Brewer
10288,James Smith
10297,Douglas Wise
10315,Brandon Hayes
10335,Stephanie Hubbard
10402,Stephen Clark
10436,Michelle Evans
10443,Christopher Rhodes
10457,Denise Solis
10502,Mark Robinson
10509,Caitlin Robinson
10610,Danielle Ferguson
10662,Charlene Gates
10688,Danielle Glenn
10691,Jordan Krause
10727,Tyler Torres
10743,Jessica Rose
10751,Carrie Harris
10792,Kimberly Martinez
10885,John Diaz
10944,Mark Klein
10988,Heather Atkinson
11063,Matthew Lindsey
11073,Alexandra Jensen
11148,Brenda Mejia
11209,Emily Baker
11239,Douglas Bradshaw
11263,Jessica Stuart
11272,Anthony Smith
11283,Crystal Taylor
11285,Heather Larson
11287,Tyler James
11327,Logan Baker
11351,Amy Buchanan
11360,Chelsea Reyes
11408,Michelle Pittman
11421,Antonio Andersen
11438,Joseph Sandoval
11445,James Bennett
11466,Kristopher Cline
11502,Brett Ryan
11545,Jessica Wilson
11569,Victoria Griffin
11599,Stephanie Stafford
11605,Aaron Barker
11623,Mrs. Lauren Davies
11644,Amanda Moore
11691,Paula Lane
11692,Richard Brown
11727,Kevin Taylor
11829,Kathryn Guerra
11836,Scott Hancock
11837,Cory Freeman
11843,Shelley Higgins
11854,Tonya Cummings
11868,Robin Saunders
11921,Jeffrey Smith
11927,Karla Singleton
11945,Joshua Pierce
11997,Scott Richards
11999,Heather Brown
12145,Samantha West
12166,Joan Swanson
12361,Diana Jackson
12364,Jay Turner
12372,Jamie Ramos
12381,Regina Mendez
12413,Ian Williams
12442,Jerry Murphy
12455,Elizabeth Sims
12466,Matthew Richardson
12471,Matthew Gomez
12476,Alexis Carpenter
12526,Ricky Davis
12638,Gabriel Jones
12668,Kathy Rios
12734,Brian Noble
12771,Christine Hunter
12791,Melissa Cruz
12827,Kyle Miranda
12840,Christopher Scott
12861,Kelsey Conway
12874,David Finley
12946,Jessica French
12982,Ashley Parker
13000,Kari Guerrero
13003,Juan Daniel
13034,James Forbes
13073,Bonnie Jackson
13083,Richard Johnson
13084,Samantha Lin
13095,Heather Gallagher
13112,Sandra Miller
13163,Erin Medina
13182,Ms. Cassie Dunlap MD
13189,Christine Osborn
13241,Theresa Lopez
13274,Anthony Peters
13282,John Weiss
13299,Jeffrey Short
13360,Audrey Gomez
13378,Michael Barry
13407,Stephanie Matthews
13429,Gina Hayden
13464,Sarah Davis
13544,Michael Medina
13575,Caleb Frazier
13580,Carl Hood
13629,Jack Clark
13739,Terri Glass
13745,Ryan Smith
13776,Elizabeth Hernandez
13794,Taylor Smith
13826,Erik Young
13879,Monica Jackson
13929,Jeremy Taylor
13991,Sharon Woods
14016,Chris Clark
14022,Eric Gutierrez II
14074,Brianna Brooks
14122,Stephanie Wright
14136,Brian Richards
14149,Andrea Smith
14185,Eric Wright
14192,Craig Edwards DDS
14207,Raymond Miller
14222,Steven Watkins
14234,Justin Carr
14235,Tiffany Brown
14248,Paul Obrien
14285,Meredith Savage
14293,Jack Nelson
14370,Kenneth Williams
14372,Erica Hall
14385,Randall Whitney
14499,John Peck
14543,Dr. Melanie Soto
14546,Blake Ramirez
14568,Elizabeth Jones
14585,Joshua Smith
14594,Chad Monroe
14599,Jennifer Freeman
14603,Michelle Kim
14681,Carla Buck
14830,Jessica Ortiz
14873,Mary Hernandez
14890,Edwin Ortiz
14936,Michael Perkins
14940,Renee Ryan
14943,Jerry Gonzales
15020,Kyle Anderson
15054,Katherine Cannon
15102,Jim Serrano
15186,Ryan Orozco
15194,Paul Hill
15296,Anthony Bernard
15318,John Butler
15494,David Chavez
15501,Kayla Elliott
15522,Adam Harrington
15547,Douglas Mullins
15567,Lucas Juarez
15604,Kelly Burns
15608,Katherine Sutton
15645,Barbara Martin
15727,Jose Thomas
15748,Mallory Hill
15788,Donald Harvey
15791,Arthur Moreno
15837,Michael Steele
15838,Justin Moore
15841,Lisa Thomas
15856,Shirley Walter
15857,Regina Wolfe
15889,Leslie Hill
15935,Gerald Velazquez
16046,Hannah Wood
16123,David Gutierrez
16129,Mary Garner
16146,Troy Reeves
16177,Vanessa Jones
16293,Christy Smith
16346,Christine Bright
16347,Isaiah Foster
16377,Catherine Osborne
16403,Jeff Salazar
16421,Patrick Phillips
16476,Sara Powell
16569,Mary Atkins
16573,John Greer
16576,Renee Duncan
16587,Matthew Smith
16662,Sandy Gomez
16749,Jeffrey Murray
16821,Brooke Ruiz
16848,Jordan Huang
16913,Bradley Jensen
17081,Mark Watts
17104,Brandi Summers
17105,Julie Reed
17120,Anthony Morgan
17220,Lisa Sanchez
17222,Samuel Daniels
17228,Theresa Torres
17242,Tabitha Jones DVM
17316,Natalie Stewart
17329,Ronald Fernandez
17359,Erica Mason
17362,Rebecca Sanders
17405,Samuel Bruce
17434,Christopher Fernandez
17450,Angelica Morgan
17475,Alex Blevins
17525,Sandra Lester
17547,Kathy Riley
17566,Sylvia Walker
17643,Victoria Peterson
17652,John Marsh
17663,Stephanie Myers
17703,Kevin Morgan
17804,Kathleen Harmon
17832,Wayne Goodman
17876,Nathan Olson
17883,Dean Calhoun
17902,Patrick Adkins
17924,Sherry Johnson
17928,Gary Porter
17937,Alicia Richardson
17984,Lee Parker
18031,Mary Wallace
18053,Rachel Allen
18068,Ronald Brooks
18090,Stephen Johnson
18100,Stephanie Douglas
18120,Kristin Edwards
18165,Jeffrey Valenzuela
18169,Cody Burke
18179,Douglas Higgins
18199,David Richards
18228,Jeff Hernandez
18281,Andrew Garza
18313,Christina Peters
18316,Susan Johnson
18361,Brandon Curry
18433,Sarah Hill
18493,Tina Morris
18506,Jake Mcneil
18550,Philip Brown
18767,Phillip Foster
18798,Austin Stephenson
18857,Elizabeth Branch
18878,Bradley Smith
18884,Alejandra Jones
18920,Lisa Gilmore
18957,Michelle Smith
19013,Roy Bowers
19171,Kristin Allen
19191,Michelle Vasquez
19526,Jodi King
19541,Hayley Solis
19668,Amanda Richmond
19683,Pam Roberson
19724,Walter Hansen
19729,Jason Foster
19895,Jasmine Smith
19942,John Vasquez
19944,Ryan Johnson
19958,Erik Moran
19984,Martin Shaffer
20035,Eugene Young
20076,Hunter Sullivan
20077,Benjamin Garcia
20084,Chris Stewart
20241,Donna Santiago
20243,Terri Baker
20319,Barbara Mitchell
20363,Robert Malone
20375,Susan Moore
20406,Amber Jones
20414,Tony Jones
20467,Hunter Maldonado
20494,Tracy Sandoval
20532,Jamie Cooper
20722,Anne Hart
20737,James Underwood
20740,Patricia Sutton
20782,Laura Johnson
20848,Daniel Sullivan
20873,Phillip Adams
20967,Jesus Williams
20991,Stacy Hanson
21078,Larry Jimenez
21093,Timothy Simpson
21160,Sara Johnston
21217,Samuel Arroyo
21228,Valerie Eaton
21230,Mary Dunn
21237,Reginald Clay
21268,Cathy Watson
21360,Rodney Solis
21366,Jean Collins
21372,Laura Owens
21381,Matthew Alexander
21439,Joy Mason
21487,Jill Vincent
21543,Michael Sharp
21599,Katherine Johnson
21621,Todd Hall
21658,Tracy Rivera
21676,Randall Christensen Jr.
21713,James Thompson
21724,Emily Cruz
21733,Mark Golden
21739,Brian Schmidt
21744,Natasha Combs
21759,Alexandra Riley
21781,Jeffery Roach
21783,Javier Sparks
21788,Dylan Jenkins
21851,Erik Long
21861,Tyler Haynes
21975,Jason Martin
21987,Sean Turner
22098,Nicholas Carr
22164,Beverly Lyons
22190,David Walker
22192,Jessica Sims
22212,Jonathan Price
22235,Shannon Steele
22243,Stacy Harris
22313,Daniel Higgins
22356,Jennifer Thompson
22368,David Cox
22444,Mr. Ryan Gomez
22497,Andrew Patel
22534,Jeffrey Martin
22602,David Li
22719,Antonio Scott
22894,Kelly Craig
22902,Kristine Roth
22913,Cameron White
23063,Andrew Wise
23093,Jennifer Raymond
23185,Martha Jacobs
23291,Diana Garcia
23303,Cameron Brown
23376,Adam Warren
23486,Sydney Fields
23497,Julie Hicks
23558,Erik Townsend
23563,David Jenkins
23576,Paula Pacheco
23589,Patricia Vazquez
23603,William Gross
23612,Robert Cruz
23711,Carrie Barnes
23738,Kevin Patterson
23768,Roger Bell
23776,Tyler Morales
23839,Robert Cooper
23892,Mrs. Kristin Tucker DDS
23956,Derek Johnson
23962,Joshua Adams
24092,Luke Lindsey
24143,Renee Cruz MD
24326,Caitlin Evans
24389,Megan Rivera
24488,Ryan Wright
24499,Keith Garcia
24567,Chloe Haynes
24582,Tammy Brown
24609,Gabriela Kelly
24683,Rhonda Reynolds
24717,Angel Schaefer
24834,Frank Lane
24845,Carlos Benitez
24903,Alyssa Duran
24962,Phillip Barnett
24977,Kelly Conway
25030,Jeffery Maynard
25048,Matthew Knapp
25065,Anthony Lane
25155,William Moses
25164,Adam Pollard
25182,Matthew Taylor
25214,Gloria Powell
25231,Randy Palmer
25266,Brittany Chan
25278,Melissa Sanders
25320,Angel Webb
25340,Anthony James
25415,Monique Santos
25485,Jasmine Davis
25675,Kevin Blair
25678,Dawn Schmidt
25698,Tiffany Lin
25705,Lisa Watson
25812,Todd Larson
25840,Louis Stephenson
25872,Larry Frederick
25988,Shannon Davis
26018,Justin Jackson
26053,Rachel Edwards
26054,Joanne Rich
26097,Barbara Ray
26145,Kathryn Leonard
26146,Michael Nunez
26181,Jacqueline Morris
26182,David Gallagher DDS
26244,Marvin Gutierrez
26282,Michael Hayes
26388,Justin Combs
26398,Samantha Johnson
26400,Linda Martinez
26482,Colleen Rice
26579,Alicia Garcia
26629,Ashley Smith
26638,Julia Carrillo
26661,Diane Todd
26718,Tammy Hopkins DVM
26750,Natasha Howard
26765,Joshua Finley
26800,Belinda Barnes
26825,Shaun Fernandez
26828,Rodney Davis
26883,Derrick Lopez
26942,Mike Welch
26992,April Martin
27011,Stephen Hill
27027,Amy Torres
27031,Alexander Brewer
27043,Alexandria Cox
27045,Jeffrey Yoder
27127,Sherry Dawson
27187,Theresa Durham
27221,Elizabeth Cain
27267,Shannon Rodriguez
27273,Micheal Farley
27398,Nicole Stevens
27448,Jennifer Lee
27460,Cameron Alvarez
27499,Richard Morris
27512,Brandi Smith
27513,John Whitehead
27515,Marissa Lloyd
27540,Marcus Evans
27546,Patricia Potter
27585,Jeremy Salinas
27599,Donna Flores
27612,William Lopez
27740,Charles Small
27808,Amanda Washington
27834,Julie Robinson
27900,Stephanie Ross
27934,Ryan Weaver
27991,Olivia Villanueva
28003,Lindsay Silva
28158,Lauren Snyder
28178,Marie Hernandez
28301,Patrick Bennett
28313,George Owen
28343,John Morales
28407,Nathan Stephens
28458,Patrick Ford
28459,Gregory Russell
28531,Sharon Myers
28694,Lauren Garza
28767,Nathan King
28794,Greg Rose
28803,Lance Wilkerson
28820,Mary Hansen
28824,Daniel Perez
28831,Cristian Potts
28853,Pamela Davidson
28882,Brett Mckay
28923,Michael Ruiz
28943,Kathleen Simmons
29031,Jennifer Nguyen
29037,Cassandra Barber
29072,Robert Davis
29109,Mitchell Jackson
29123,Aaron Estrada
29132,Courtney Brown
29155,Amanda Wagner
29304,Michael Jones
29489,Chelsea Villa
29502,Madison Nguyen
29562,Steven Golden
29572,Steven Rodriguez
29644,Teresa Ford
29671,Julian Lynch
29689,Sean Walker
29703,Samantha Larson
29732,Gina Myers
29765,Wendy Gordon
29780,Chelsea Robbins
29819,Jared Phillips
29845,Tammy Campos
29916,Devon Weeks
29951,Jade Burton
30016,Mercedes Williams
30071,David Graham
30160,Jack Garcia III
30184,Alicia Larson
30203,Megan Fox
30233,Andrew Spencer
30259,Audrey Preston
30283,Terri Cantrell
30304,Natasha Stanley
30313,Dave Murray
30368,Elizabeth Smith
30405,Thomas Smith
30513,Derek Martinez
30601,Ashley Long
30611,John Pacheco
30681,Brandi Brown
30691,Shawn Garza
30719,Morgan Gray
30794,Jose Jones
30833,Jillian Johnson
30871,Felicia Abbott
30879,Amanda Johnson
30942,Yvonne Gonzalez
30944,Tammy Torres
31001,Michael Reid
31093,Mario Watson
31159,Lisa Alexander
31198,David Lawson
31276,Kathy Anderson
31305,Linda Hodges
31321,Jonathan Kent
31336,Katherine Smith
31615,Jaime Williams
31754,Christopher Compton
31760,Jeremy Hernandez
31852,Christopher Lee
31861,Barbara Reilly
31886,John Evans
31908,Scott Miller
31941,Jordan Dean
31968,Paul Rodgers
32033,Mark Garrett
32035,Matthew Burns
32052,Amanda Brown
32055,Christian Perry
32058,Kenneth Perez
32139,Matthew Montoya
32149,Rachael Johnston
32153,Caleb Brooks
32160,Travis Wright
32199,Joshua Guerrero
32201,Dennis Mitchell
32305,Miranda Fitzgerald
32338,Kayla Hanson
32346,Dr. Robin Atkins DDS
32419,Jenna Espinoza
32490,Heather Graham
32574,Stephanie Daniel
32576,Gregory Romero
32592,Karina Walsh
32635,John Lucas
32667,Katie Jones
32745,Tammy Murphy
32748,Marc Jackson
32809,Michelle Clark
32907,Joyce Garcia
32916,Jennifer Gonzalez
32918,Anthony Gamble
32923,Cynthia Fischer
32952,Margaret Wilson
33065,Rebecca Mcintosh
33075,Caleb Taylor
33119,Erica Vaughan
33127,Cindy Townsend
33147,Angela Holmes
33207,Michael Davis
33307,Tara Williams
33337,Tara Case
33409,Joseph Stewart
33455,Mitchell Sandoval
33527,Jeanette Scott
33599,William Sanders
33633,Tyler Richardson
33642,Brian Ross
33679,Joel Brennan
33697,Brandy Porter
33713,Laura Cuevas
33716,Steven Smith
33772,Gina Johnson
33864,Darryl Taylor
33872,Robin Chavez MD
33890,Jacob Richardson
33922,Miss Traci White
33945,Audrey King
33947,Johnathan Gonzalez
33993,Julie Rodriguez
34008,Peter Armstrong
34050,Cindy Mayer
34083,Kathleen Drake
34193,Jordan Woodard
34297,Ashley Watson
34315,Michelle Wolfe
34363,Christina Manning
34418,Robert Parker
34429,Bryan Williams
34464,Wesley Reyes
34531,Kimberly Ellis
34568,Victor Davidson
34571,Jennifer Schaefer
34688,Taylor Hernandez
34703,Michaela Bennett
34787,Theresa Fisher
34859,Luke Beasley
34882,Shannon Rogers
34915,Jessica Adkins
35024,Misty Washington
35111,Marissa Bowman
35146,Andrew Castro
35259,Sarah Turner
35274,Douglas Nelson
35326,Michael Pollard
35329,Jason Adams
35393,Jonathan Grant
35404,Summer Pham
35427,Megan Gray
35508,Rhonda Lester DDS
35521,Donald Nelson
35568,Lydia Doyle
35608,Erika Mclean
35664,Samuel Mccoy
35739,Terrence Jones
35780,Carrie Morgan
35866,Angela Manning
35982,Shannon Reed
35983,James Buckley
35986,Victoria Rowe
36031,Tyler Sanchez
36099,Brooke Montoya
36121,Daniel Perry
36135,Marcus Thomas
36240,Angela Wagner
36403,Thomas Chaney
36535,Emily Jackson MD
36544,Sarah Black
36547,Cody Fox
36664,Christopher Cabrera
36667,Brian Krueger
36695,Michael Richmond
36725,Sergio Harris
36849,Mr. Tristan Holmes
36883,Jessica Stevens
36979,Summer Wilson
36995,Samuel Jones
37035,Kathryn Stanton
37041,Anthony Wood
37047,Timothy Harris
37099,James Alvarado
37127,Troy Carroll
37153,Julia Castro
37284,Sara Spears
37381,Melissa Cantrell
37449,Amanda Graham
37460,Sheila Johnson
37481,Joel Juarez
37516,Frank Patterson
37549,James Newman
37564,Cory Craig
37582,Kristen Alvarado
37617,John Lopez
37690,Eric Johnson
37714,Joshua Jones
37746,Katherine Barker
37834,Brittany Benitez
37855,Debbie Bailey
38032,Mark Blankenship
38059,Glenn Miller
38067,Krystal Thomas
38070,Lindsay Hicks
38079,Jennifer Shepard
38080,Thomas Wiley
38082,Kelly Vasquez
38173,Matthew Rosario
38185,Wesley Chavez
38286,John Hess
38331,Brian Ray
38362,Robert Guzman
38446,Steven Aguilar
38475,Charles Hamilton
38605,Melanie Gonzalez
38687,Charles Reynolds
38756,Dawn Williams
38766,Mary Lee
38798,Catherine Booth
38851,Jennifer Cochran
38865,Sherri Smith
39006,Dr. Jeremy Garner
39013,Michael Jackson
39032,Samuel Johnson
39195,Richard Sherman
39423,Bradley Hooper
39445,Miss Victoria Barrett
39452,Cynthia Robinson
39618,Grace Pitts
39703,Anthony Simpson
39709,John Nelson
39720,Kevin Miller
39910,Samantha Smith
39933,Julie Ruiz
39979,Miss Kimberly Schwartz PhD
40003,James Johnson
40126,Nicole Harmon
40167,Ashley Fowler
40251,Dr. Kenneth James
40295,Lisa Smith
40317,Laura Medina
40330,Derek Case
40346,Alyssa Williams
40468,Jessica Hernandez
40490,Victoria Kennedy
40566,Brian Coleman
40737,Thomas Alexander
40793,Steven Warren
40841,Debbie Johnson
40875,Andrew Johnson
40975,Michelle Fernandez
40986,Brandy Simpson
41003,Colleen Murphy
41062,Zachary Andrews
41074,Maria Cisneros
41105,Cindy Evans
41113,Seth Wilson
41114,Samantha Gray
41145,Joseph Moore
41204,Michael Martin
41228,Mary Johnson
41240,Jennifer Harrison
41249,Joshua Ramirez
41282,David Hunt
41300,Wendy Bautista
41318,Jeffery Hernandez
41319,Diane Page
41402,Jeffrey Dougherty
41421,Kenneth Smith
41434,Thomas Gonzalez
41435,Travis Bailey
41577,Raymond Montgomery
41601,Kevin Williams
41619,Shelly Johnson
41683,Elizabeth Martinez
41732,Sherri Peck
41733,Trevor Fuentes
41744,Mark Fernandez
41747,Gina Hansen
41854,Timothy Schwartz
41861,Dustin Price
41899,Richard Roberts
41948,Katherine Mosley
41968,Barbara Howell
41988,Mr. Leon Taylor
41997,Kyle Fox
42161,Susan Alvarez
42213,Austin Kim Jr.
42293,Joshua Anthony
42355,Daniel Davis
42404,Jermaine Wilcox
42451,Amy Barnett
42492,Tyler Salazar
42508,Trevor Shields
42568,Kevin Jackson
42574,Brenda Brooks
42659,Kenneth Meyer
42810,Briana Gardner
42943,Charles Gaines
43037,John Joseph
43039,Alyssa Garcia
43151,Kathryn Gregory
43176,Johnny Walker
43300,Rebecca Newman
43343,Jeffrey West
43468,Richard Lindsey
43602,Aaron Smith
43622,Nancy Schneider
43668,Martin Robertson
43727,Sharon Thomas
43836,Brandon Hernandez
43887,Kevin May
43949,Joseph Kramer
43985,Jeffrey Payne
44023,Christopher Young
44137,Kristen Santiago
44171,Kimberly Roy
44243,Jaime Williamson
44319,Taylor Poole
44329,Joseph Hansen
44388,Henry Frank
44397,Gina Campbell
44418,Lisa Obrien
44419,Anna Walker
44450,Michael Parrish
44470,Heidi Watson
44496,Adrian Roach
44650,Theresa Hernandez
44694,Erica Dawson
44723,Susan Phillips
44907,Eugene Kline
44937,Joshua Davis
44963,Curtis Manning
45059,Monica Moran
45071,Amanda Hammond
45126,Douglas Thomas
45260,Charles Gonzalez
45269,Tina Ramirez
45361,Sarah Brooks
45404,Brooke Brown
45437,Dr. Andrew Austin PhD
45493,Julia Vaughn
45498,Kayla Mason
45554,Catherine Owens
45584,Jacob Robinson
45588,Mary Jones
45593,Cameron Jenkins
45806,Melvin Greer
45811,Alyssa Rogers
45876,Nicholas Pratt
45935,Joseph Myers
46102,Amber Love
46133,Gina Armstrong
46139,Jim Robinson
46147,Joshua Pearson
46381,Kristen Maxwell
46398,Donald Weeks
46421,Brent Flores
46472,Lauren Jones DVM
46479,Melinda Crawford
46482,Michael Lee
46527,Chelsea Schultz
46560,Dustin Curtis
46586,Peggy Sawyer
46732,Ashley Brady
46754,Amanda Schneider
46823,Karen Johnson
46977,Joseph Lloyd
47249,Daniel Stewart
47411,Glenn Simmons
47476,Alexander Campos
47478,Stephen Simpson
47490,Tracey Tyler
47508,Christopher Carter
47611,Sherry Scott
47730,Carrie Young
47746,Sharon Garcia
47800,Cassie Wilson
47811,Patrick Brandt
47909,Virginia Hughes
48007,Jeffrey Werner
48050,Felicia Donaldson
48081,Jon White
48196,Stanley Day
48285,Michael Tran
48291,Casey Jordan
48297,Jennifer Moore
48389,Nicolas Craig
48411,Justin Miller
48440,Jaime Murphy
48450,Michael Parker
48478,Edward Wheeler MD
48482,Joshua Peterson
48493,Steven Morgan
48559,Angel Moore
48566,Richard Nolan
48687,Danny Winters
48726,Warren Hall
48809,Gabriel Rodriguez
48822,Brandi Robinson
48966,John Keller
49022,Natalie Munoz
49138,Kristen Hunt
49152,Michelle Boyd
49184,Shelly Allen
49189,Jessica Owens
49198,Brandon Strong
49203,Jerome Padilla
49288,Jeffrey Green
49289,Jessica Foster
49295,Jesse Rush
49297,Brandon Clark
49298,Christopher Adams
49382,Katherine Gutierrez
49491,Zachary Glass
49514,Nicholas Wells
49631,Sherry Harris
49660,Matthew Flores
49786,Matthew Rowe
49830,Anthony Silva
50096,Gabrielle Hester
50101,Olivia Larsen
50102,David Davis
50103,Eric Hayes
50104,Ashley Cook
50119,Gregory Burns
50133,Patricia Craig
50289,Tasha Parks
50313,Jason White
50342,Teresa Franklin
50399,Michael Wiley
50442,Scott Cochran
50444,Anthony Howell
50593,Natalie Patrick
50610,Jonathan Taylor
50684,Charles Mack
50715,Victor Williams
50753,Jessica Burnett
50774,Jeffrey Kelly
50838,Michelle Copeland
50891,Barbara Chandler
50905,Miss Brittany Stark
50952,Nicole Blair
50976,Danielle Singleton
50999,Brittney Savage MD
51065,Jerry Watkins
51166,Tiffany Lucero
51250,Rita Serrano
51373,Scott Austin
51452,Kevin Francis
51460,Katelyn Smith
51480,Michael Pope
51553,Amy Hood
51557,Jordan Ellison
51597,Christopher Francis
51612,James Kramer
51625,Jessica Smith
51692,Barbara Edwards
51762,Kristina Buchanan
51838,Robyn Elliott
52007,Mary Rosario
52036,Tina Hancock
52123,John Washington
52136,Tiffany Harvey
52214,Robert Watson
52344,Alan Velasquez
52425,Charles Smith
52460,Andrew Parrish
52469,Jamie Sutton
52583,Dominique Garcia
52731,Charles Mitchell
52740,Alicia Scott DVM
52748,Carla Fuller
52823,Pamela Perkins
52895,David Kelley
52929,Gregory Blackwell
52956,William Castro
52965,Joshua Lewis
52994,Angela Carter
53145,Charlene Walker
53173,William Kim
53245,Heather Rodriguez
53292,Alejandro Martinez
53293,Michael Brown
53366,Mary Reed
